"","Residential","NonResidential","Road","NonRoad","Agriculture","Total"
"AL001L1",202175.896297969,0,0,63.5419781506062,75694.2507932186,277933.689069338
"AL003L1",78077.9214965105,0,0,61.6333817839622,54016.4680411816,132156.022919476
"AL004L1",63021.1063127544,0,0,28.4733076691628,51638.5046651065,114688.08428553
"AL005L0",6708.7538317116,0,0,68.6764857936651,20111.5973669756,26889.0276844809
"AT001L2",6102913.78072336,4974032.82897162,1878551.02113396,14966.6932336853,234992.597199119,13205456.9212617
"AT002L2",1642379.08430767,502024.796432495,404663.383176766,1486.70451045502,23086.5552486165,2573640.523676
"AT003L2",1093088.52892715,550723.46988678,470163.255290031,6561.06006371975,68695.2438744083,2189231.55804209
"AT004L2",461146.046498047,40214.103105545,197360.847866628,951.466216844739,2020.92407583259,701693.387762898
"AT005L2",78816.1885491908,756.252456665039,96002.1779075116,378.833842405584,200.093408884481,176153.546164657
"AT006L1",377593.562972603,186564.44859314,112931.627556585,1276.29316215171,11765.8755996581,690131.807884138
"BA001L1",326057.374946803,0,0,0.367991662076747,13429.9655481586,339487.708486624
"BA002L1",271683.097726673,0,0,18.4291569323395,67117.4264898617,338818.953373467
"BA003L1",56337.7931882143,0,0,0.234625955054071,7708.20850560069,64046.23631977
"BA004L1",225103.438507468,0,0,0.48455437670691,16974.4699496515,242078.393011496
"BA005L1",50901.481698513,0,0,50.7577462536283,5911.96570273489,56864.2051475015
"BE001L2",12070886.6337242,1111693.55342722,2563266.3830204,19312.6807132065,161012.848661151,15926172.0995462
"BE002L2",7200880.21797758,1166298.12687111,1579067.97132158,534383.217125133,21069.5946291536,10501699.1279246
"BE003L2",2776747.8732686,733229.082077116,721116.295757294,44799.5801280737,47514.5276377499,4323407.35886884
"BE004L2",2115352.86796665,291945.177357793,365717.811274052,3409.52625224739,36092.1073163897,2812517.49016713
"BE005L2",2829311.79801083,537351.922080874,584587.778679371,4551.65042705834,40032.1253197715,3995835.2745179
"BE006L2",995076.512030602,262123.528159142,207421.973558187,27559.5589078218,23354.9243684113,1515536.49702416
"BE007L2",574623.482698441,25583.3856868744,200967.021420479,251.46633130312,33554.7835266888,834980.139663786
"BE008L1",1007633.33768463,101178.181708574,156055.227203369,268.908948361874,19038.7331320643,1284174.388677
"BE009L1",667081.681150436,41983.5754539967,113473.970702887,456.832496166229,10363.6287991703,833359.688602656
"BE010L1",613606.95998764,108904.674802512,124117.72726059,566.005380034447,9426.33228176832,856621.699712545
"BE011L1",397213.592431068,144880.92365402,61159.4527432919,1065.85513615608,12824.6524852514,617144.476449788
"BG001L2",624902.209068447,273756.22840327,453135.105246373,16593.7636866208,269233.515836824,1637620.82224154
"BG002L2",116941.345586523,63026.3597962856,97185.65759065,2635.77543642977,258626.443463009,538415.581872898
"BG003L2",67331.1975431219,21625.4949436188,46365.985375274,6461.53837646544,88700.4055895135,230484.621827994
"BG004L2",47401.0741307661,39269.8864242435,47967.3466900934,3965.84705123305,231315.929853624,369920.08414996
"BG005L1",34102.4260574579,24026.5234940052,15303.959441185,900.574473083019,241989.693190932,316323.176656663
"BG006L2",19757.2141199112,26065.8803969622,10617.5982846022,214.564640305936,169618.956727028,226274.214168809
"BG007L2",7677.78564716876,2450.90925717354,9452.20099949837,154.871040843893,68070.7808977365,87806.5478424211
"BG008L2",41786.2227469683,34222.727945447,15433.3375598192,257.39472091198,146363.445347995,238063.128321141
"BG009L1",37605.5965899155,14778.5434135199,11009.1601482332,45.6627958491445,118032.866515622,181471.829463139
"BG010L1",28306.1711531878,25040.3741841316,6647.40612876415,289.806067816913,206912.867725432,267196.625259332
"BG011L1",20872.5889122486,17255.2205057144,8754.87352991104,63.9937146678567,109649.309729844,156595.986392386
"BG013L1",21908.3437385559,10123.91355896,6163.3484300375,98.0778502821922,191365.839848161,229659.523425996
"BG014L1",21963.5282438993,4235.56766986847,7014.29012405872,881.844562441111,56791.8775982261,90887.1081984937
"BG015L1",42192.6534018517,11320.8691415787,17523.5051438808,26.3253489732742,80253.8218632638,151317.174899548
"BG016L1",24632.6564101498,5378.80331897736,17692.9617579244,80.1365679372102,23734.8398023574,71519.3978573461
"BG017L1",15575.9675773885,4304.40309429169,4620.55279671401,152.949976965785,48891.3088787198,73545.1823240798
"BG018L1",17440.339944765,4272.80378460884,7016.94409453869,13.3411331176758,44541.8070890233,73285.2360460535
"CH001L1",3469455.35504723,243754.948587179,691700.244058132,13085.932314977,10535.8170495629,4428532.29705708
"CH002L1",1122805.64390987,17833.2530171871,72067.7632214427,457.198996148378,9555.57590864599,1222719.43505329
"CH003L1",650246.197556838,98303.2898049951,147721.165709972,2297.75114062615,20419.5271007866,918987.931313219
"CH004L1",763170.62265873,32263.3022646904,162044.006501913,684.449395172298,22432.2787336409,980594.659554146
"CH005L1",368246.408123463,38832.1750694513,112826.897994041,524.430216237903,6923.97835897561,527353.88976217
"CH006L1",249341.496826172,21428.4029331207,72113.4119491577,197.715339720249,3734.06686219573,346815.093910366
"CH007L1",162236.866170883,6823.15948677063,23515.9851679802,87.6362378746271,3286.5197349824,195950.166798491
"CH008L1",388421.848266125,36658.7846469879,83995.8871684074,867.0729608275,4610.82128155231,514554.4143239
"CH009L1",94392.4511137605,10221.8615627289,58577.1122188568,185.304024398327,164.623292380478,163541.352212125
"CH010L1",111555.392883301,13578.5873744488,22093.828742981,92.1811407059431,985.675715483725,148305.66585692
"CY001L1",290241.862374708,0,167592.307248622,46.0872726608068,15272.8569603609,473153.113856352
"CY501L1",99622.647946775,0,107674.658600777,487.381815433502,1888.39854704402,209673.08691003
"CZ001L1",3103828.85229158,1026423.17434645,987284.890305161,13488.4890591353,654037.801045656,5785063.20704798
"CZ002L1",1061878.30737591,318174.763367176,290616.861917138,1267.58625300974,227934.546528786,1899872.06544202
"CZ003L1",1612978.834184,727395.629291743,297566.352238709,4494.78417897783,222984.817605764,2865420.41749919
"CZ004L1",362198.586874008,128528.545267344,134681.926466942,808.278071679175,198767.997477449,824985.334157422
"CZ005L1",205741.194597006,74881.9067087173,79098.9278219044,1765.66371257603,31580.7116265148,393068.404466718
"CZ006L1",243035.980786681,77388.2812891006,69959.7829483747,715.600777097046,132121.8076405,523221.453441754
"CZ007L1",302850.840270989,49576.5488674641,54895.85058254,429.38767940551,37234.4989079535,444987.126308352
"CZ008L1",139790.25289771,44620.0270297527,45612.9794664383,938.726924702525,100145.63212353,331107.618442133
"CZ009L1",148887.954518318,76355.8176174164,47227.5347394943,709.681041814387,89198.7411749065,362379.72909195
"CZ010L1",209688.299463272,82397.9409346581,32366.6243286133,494.886521786451,90052.9187777042,415000.670026034
"CZ011L1",186586.567423344,31692.7508955002,25259.9179503918,179.311241567135,43167.0048244745,286885.552335277
"CZ013L1",89129.9029551204,20876.7377901077,27615.9700966179,246.995689470321,64036.1134592779,201905.719990594
"CZ014L1",55264.8247394562,25813.044574976,32282.2575933933,86.3910022825003,109731.390858769,223177.908768877
"CZ016L1",55791.2766182423,84862.160525322,20632.2289547026,408.732869490981,28772.175254561,190466.574222319
"CZ018L1",62343.9457827806,39801.5385475159,18970.5609761328,255.743815615773,55126.2059890926,176497.995111138
"DE001L1",22442092.5794708,5243729.8919642,2875580.21488675,40596.4307615831,584195.126591789,31186194.2436751
"DE002L1",12721247.435338,4011831.43508554,1882836.73419893,137416.803387166,350996.598335828,19104329.0063455
"DE003L2",7030547.99895763,1276052.35333967,1720216.89751458,11735.043552421,219462.215668771,10258014.5090331
"DE004L1",5189171.96377182,1890386.87400675,1569838.80612564,22820.8991274834,49862.6298944205,8722081.17292611
"DE005L1",6182621.80582714,1939494.63519955,2102576.13759458,24932.030103147,106544.148263894,10356168.7569883
"DE007L1",6451065.97077274,1475827.46185541,1614330.09889269,6195.77970860898,120485.010564707,9667904.32179416
"DE008L2",2699929.64000416,1522801.18714046,586708.380074382,5135.16033000499,274897.752633393,5089472.1201824
"DE009L2",2877458.19755426,923736.136682034,582117.316523135,4255.0511505059,279852.933089897,4667419.63499983
"DE011L1",5806938.25488663,2358984.42883682,1429287.47960091,14312.2598896027,46368.4148836359,9655890.83809759
"DE012L1",3602744.58441353,1702929.61857259,975070.600336552,14664.4457380101,329485.029275222,6624894.2783359
"DE013L1",3691115.34106088,1614485.41251564,1244448.92896515,8942.0225636214,154801.595622148,6713793.30072744
"DE014L1",2478995.05487108,874040.635287404,756010.44401288,4996.89186999202,80886.1029186826,4194929.12896004
"DE017L0",1602863.52497101,388561.470982552,228645.81281662,681.290500164032,9082.13232749701,2229834.23159784
"DE018L1",1012282.63495731,850985.214042664,309191.121095419,2450.35552231967,134569.086234391,2309478.41185211
"DE019L2",824635.426021576,811420.767700076,339783.751055688,4960.98683110997,271634.493442982,2252435.42505143
"DE020L1",1218210.54945135,447006.923801899,389778.688786089,17533.2109836787,17436.7429450303,2089966.11596805
"DE021L1",832137.620313555,298067.846593142,280115.164632678,1434.64517053962,110743.191323468,1522498.46803338
"DE025L1",655695.211133957,133497.633922577,221040.969798565,1062.84731611609,22015.2711664438,1033311.93333766
"DE026L1",257915.384458506,35748.5482404232,152489.277341366,379.62072258722,21483.8111596555,468016.641922538
"DE027L1",798424.990438461,209864.425093174,213126.231901228,3574.26154984534,48780.3016822236,1273770.21066493
"DE028L1",609432.638532639,196968.111379385,233159.999497175,1287.982920371,122250.987094194,1163099.71942376
"DE029L0",92871.0358839035,27729.5844669342,18693.3601551056,237.902616918087,5296.12116730213,144828.004290164
"DE030L1",159780.328219414,59670.4984922409,65471.6529479027,104.179092250764,68363.5505374074,353390.209289216
"DE031L1",379305.540211201,187921.316586494,163771.891138643,428.477706387639,249476.736489324,980903.96213205
"DE032L1",394374.15037632,397756.43649292,281048.018364191,751.273670639843,173127.767219446,1247057.64612352
"DE033L2",1152789.70521545,392516.066956997,280350.14862752,2205.35655583441,86187.4268528223,1914048.70420863
"DE034L1",2395288.24715424,317727.065086842,545628.826423645,4587.91110014915,26311.0082001239,3289543.057965
"DE035L1",1244916.75187874,514841.735404968,464728.296381474,2247.99588030577,38108.2559212372,2264843.03546672
"DE036L0",1157415.93182373,330321.211639404,191362.117919922,1233.09791588783,6741.01946598291,1687073.37876493
"DE037L1",444470.148551941,117391.549375534,158395.238135338,10973.8242625296,57711.1799062192,788941.940231562
"DE038L1",23615493.706151,10031934.6992722,4657721.11298168,72143.7029795051,125600.709213124,38502893.9305975
"DE039L1",1505858.54097915,382950.487072945,368788.635256683,6006.53987852857,187997.759875774,2451601.96306308
"DE040L1",1674740.30510762,377317.261219501,440907.092729568,1352.18488157727,25340.0792374425,2519656.92317571
"DE042L1",457787.000206947,186625.274472237,277140.898078918,1288.93509759009,36783.9308244288,959626.038680121
"DE043L2",752737.952866793,580747.891576767,124055.705354393,2132.97401843406,242950.427317038,1702624.95113342
"DE044L1",373838.418422461,121291.53142643,106350.221797526,1217.28600029275,28881.1191599882,631578.576806697
"DE045L1",992419.476977348,212324.994264603,159721.358795643,420.593364238739,11241.7768552229,1376128.20025706
"DE048L1",419406.872051083,252749.752883196,59504.8882400994,11452.4447697867,15242.505717542,758356.463661707
"DE050L1",295460.949270248,36780.2466468811,42920.9326457977,114.082681626081,18169.3705387712,393445.581783324
"DE051L1",247572.637415171,56495.1380310059,51416.8573577404,119.555899426341,19975.4849479338,375579.673651277
"DE052L1",657629.064346731,271375.73931706,119354.701378316,2162.47125463933,118037.611708358,1168559.5880051
"DE053L1",306788.833459854,21435.7000102997,79017.4671721458,153.356475889683,35409.4957093447,442804.852827534
"DE054L1",259177.489855289,67171.1380636096,63709.4270550609,151.921637358144,24581.5470562354,414791.523667553
"DE055L0",192779.92760849,103901.44290638,31999.4633407593,631.237385034561,2215.04018056393,331527.111421227
"DE056L0",210530.164484024,284757.322254419,18714.9916057587,723.302173450589,4013.86435720325,518739.644874856
"DE057L1",506531.088923454,129368.539907217,183496.207363605,333.291354507208,30753.6150621846,850482.742610969
"DE058L1",380270.674668312,154898.061315536,78650.8430662155,765.341856732965,54402.7812052816,668987.702112079
"DE059L1",296668.805002213,50288.4046382904,155200.774863482,172.996896609664,63081.2021245928,565412.183525187
"DE060L1",359087.503746629,58543.4783267975,50348.3528398573,1329.84301500395,41042.9033878949,510352.081316182
"DE061L1",633374.86254406,172013.292597294,141344.721887171,2922.06368695945,19533.8272674233,969188.767982908
"DE062L1",326722.148440361,41857.0231431723,93135.049751997,676.933250755072,45751.0599709153,508142.214557201
"DE063L1",369397.328046181,73661.2333569527,77005.040748477,271.02581196418,42840.4194844859,563175.047448061
"DE064L1",323854.216591537,224061.474994659,62911.1974712163,626.915703333914,331654.42471049,943108.229471236
"DE065L1",348219.782696724,43538.6484510899,123459.777906775,654.205996900797,29684.465349704,545556.880401194
"DE066L1",235109.361578997,23750.608386755,79090.2579356022,69.9280945956707,6954.21061862679,344974.366614577
"DE067L1",277117.418282509,21240.7669153214,74755.6127958298,184.994488812983,105731.219256639,479030.011739112
"DE069L1",346926.864411667,17634.6540851593,114632.465610221,327.738502033055,10447.0607053521,489968.783314433
"DE071L1",238560.672292512,147028.888504505,35012.9684964535,620.355470262468,198137.377052307,619360.26181604
"DE072L1",244122.835217148,38563.9927014709,45513.3971083164,177.787486642133,18936.1579477638,347314.170461341
"DE073L1",520438.499638796,141676.814638734,136652.278764129,1877.02171710134,43434.9403136233,844079.555072383
"DE074L1",280910.058983275,161462.460714817,47695.1150971055,485.80872195214,69434.3378225528,559987.781339702
"DE077L1",286463.338585854,136212.939599037,125304.390454173,282.428554259241,92482.6459974945,640745.743190818
"DE078L1",263073.852408737,251379.244383335,34447.180678457,1502.31198355183,167114.180746706,717516.770200787
"DE079L1",381675.811817169,27936.4327735901,114079.008380413,161.720745205879,15309.8907335848,539162.864449963
"DE081L1",337933.506233573,21314.9584438801,76718.7521598339,457.649593964918,73404.9492961206,509829.815727372
"DE082L0",156048.407619476,157185.536296844,21914.9924583435,505.766768813133,5892.53099048138,341547.234133959
"DE083L1",2279280.70255375,1064346.87990057,541122.352675378,4275.79899865948,243606.397138983,4132632.13126734
"DE084L1",2401213.25206065,1032578.2806015,658094.96746254,22146.7162125073,61405.885467086,4175439.10180429
"DE504L1",1291134.65323448,301313.672893047,320388.309075356,1643.51987677813,108459.646282703,2022939.80136237
"DE505L0",630043.413978577,287532.910617828,91161.3778305054,466.427735626698,6793.61056834459,1015997.74073088
"DE507L1",660743.17083841,140029.086459965,165290.823872566,676.789406211115,5470.26924869139,972210.139825843
"DE508L0",1150261.63173676,500794.078167915,127851.428821564,7295.84219115973,3514.6123675704,1789717.59328496
"DE510L1",1258312.00383234,313915.424340844,168482.128542118,13848.7934404314,117410.200658053,1871968.55081379
"DE513L1",1439654.45139265,501294.188456535,313390.158836365,1698.86656674743,51581.8686331213,2307619.53388542
"DE516L0",912679.016830444,52920.377702713,93950.876121521,314.271508693695,464.670384243131,1060329.21254762
"DE517L1",1415636.72251272,709240.345118523,322359.108071566,2304.66713968664,163140.032764435,2612680.87560693
"DE520L1",1556481.35454273,214803.931417465,222841.128031731,2627.05719874799,100709.316991419,2097462.78818209
"DE522L1",1284333.90257335,267121.337062836,351348.950757504,1070.48433105648,37534.8772474229,1941409.55197217
"DE523L1",683042.16782093,293965.686264515,155922.3807621,608.945527866483,63827.6254580319,1197366.80583344
"DE524L2",651065.495673507,175166.723999262,255738.580882996,2518.39446551725,162801.167441103,1247290.36246239
"DE527L1",571212.188976377,333647.896141171,72301.3839045279,6431.66628366336,65718.2018818201,1049311.33718756
"DE529L1",844212.590500832,311208.172657609,186537.905583382,915.983004018664,61553.8087911606,1404428.460537
"DE530L0",373076.570365906,79640.8613090515,54041.0684051514,103.251529335976,450.751784339547,507312.503393784
"DE532L1",665137.682535172,244754.706850052,237304.583689213,572.302616298199,98483.3615262508,1246252.63721699
"DE533L1",472398.943260193,33648.0115633011,108026.528337479,183.735113173723,15989.0376806632,630246.255954809
"DE534L1",675088.423223972,214353.540752411,231115.033686161,585.533643018454,151526.7452133,1272669.27651886
"DE535L1",392409.298732758,91228.1375045776,66102.5119166374,257.81496784091,53863.1639947295,603860.927116543
"DE537L1",409145.972208977,70309.9097480774,65790.2996368408,85.0938404873013,32923.4916844964,578254.767118879
"DE539L1",458974.789112246,354869.423176363,67499.3613096476,1362.59358358756,40412.8332798071,923119.000461651
"DE540L2",799005.936542511,182807.988958359,181593.34436512,539.515092916787,12355.0250896588,1176301.81004857
"DE542L1",608744.557548523,207061.457839966,181274.22647953,1374.32982674241,75959.1663661599,1074413.73806092
"DE544L1",903993.203769684,215539.361634254,118490.896452904,410.988266646862,50422.3581922539,1288856.80831574
"DE546L0",1779349.2550087,252860.612474442,300975.296483994,1217.54248678684,1430.37834097445,2335833.08479489
"DE547L2",148995.354660988,94222.011013031,87584.9961454868,153.916280124336,35389.578409642,366345.856509272
"DK001L2",4328799.10442948,1104249.97648764,2002103.95359123,13281.5446749479,50599.3578512082,7499033.9370345
"DK002L1",1248627.23214188,359898.588573933,480327.410376562,17372.7486811653,137460.392245889,2243686.37201943
"DK003L1",824167.817869797,224813.557944894,280698.834382504,5033.92763470113,125107.028314017,1459821.16614591
"DK004L1",857345.111553676,259050.381313086,330980.268221376,7651.66469205357,208370.512571538,1663397.93835173
"EE001L1",819034.908156714,0,296641.283879789,16310.5221946239,58067.770954648,1190054.48518577
"EE002L1",293846.034496564,0,61006.4283986297,691.887051403522,68534.0140747041,424078.364021302
"EE003L0",55846.0298337936,0,6068.59075021744,1947.77727508545,111.075435638428,63973.473294735
"EL001L1",8021745.98661014,1953053.65154301,3494089.55569237,21967.1689130361,43229.6635363866,13534086.0262949
"EL002L1",755377.019089103,624090.083188646,408183.823756605,418.220075764926,77726.0623719115,1865795.20848203
"EL003L1",70400.5760040879,12700.0269129276,24440.1734439582,102.036709142267,13375.8661957979,121018.679265914
"EL004L1",38179.5186471939,8511.61836564541,8223.19240188599,2.97328986227512,53045.128724277,107962.431428865
"EL005L1",74433.8513386399,45386.6355823576,108661.286904126,538.762741899118,190927.695737243,419948.232304266
"EL006L1",49191.534745976,15497.9802975625,18380.3386914588,30.0445512533188,11715.2277055979,94815.1259918485
"EL007L1",65966.7205386162,36969.3067616448,32648.6508158594,13.1113288849592,19117.0332044233,154714.822649429
"EL008L1",16800.1891508102,3997.94477814436,7941.32053929567,107.728189257905,7979.7530490905,36826.9357065987
"EL009L1",20939.8252281249,3131.75028012693,8116.7289879173,891.168732252438,14625.4284802515,47704.901708673
"ES001L2",7372282.91680619,3432991.23128355,6496852.40499276,11445.4270949116,767272.912355644,18080844.8925331
"ES002L2",5365452.9427923,2386690.47871035,3953182.95133287,9203.64594668895,76356.2076888531,11790886.2264711
"ES003L2",1444503.51586771,997545.225246429,1433423.28567886,4000.99655373208,115404.88594085,3994877.90928758
"ES004L2",989250.677109003,626512.84918499,839209.914301917,1670.91267028078,901592.196571708,3358236.5498379
"ES005L2",222680.762337208,476645.240555525,389951.692390121,220.973312378861,411235.547847658,1500734.21644289
"ES006L2",326467.876101732,65873.6918010712,352198.167334199,2078.77714542858,143514.067359596,890132.579742027
"ES007L2",553037.805340767,298653.55700016,321245.24968493,62.4142708210275,158062.067607403,1331061.09390408
"ES008L2",141199.530527592,239334.360235214,215921.432690054,177.774027971551,228226.595692396,824859.693173228
"ES009L2",422263.87728399,69361.1185953617,121391.689953893,2267.66415406764,276773.70942986,892058.059417173
"ES010L2",154628.380923271,3706.00892066956,112512.603882194,81.2715938538313,70573.756582737,341502.021902725
"ES011L2",61301.8189351559,107268.492605209,200428.345079064,578.635699189035,140108.874490112,509686.166808731
"ES012L2",349002.087118268,178920.338517189,208250.492422998,114.500309579074,17478.3713410944,753765.789709128
"ES013L2",97867.9363440953,271554.045240402,104098.911676161,93.233597619459,125417.996863624,599032.123721902
"ES014L2",224716.041800469,94246.4141010046,145177.884248704,1092.98328475887,27924.1250381172,493157.448473054
"ES015L2",44863.7669081092,21891.6398525238,68163.0008459091,9.17717351019382,164151.90268302,299079.487463072
"ES016L2",88379.817635485,4897.15591812134,74268.4606729746,25.91192349419,304573.87999925,472145.226149325
"ES017L2",28670.9417579174,29674.1453886032,37195.6671954393,6.17565404623747,97172.5306694806,192719.460665487
"ES018L2",735088.497584146,399234.843912363,468451.700704988,1181.04285806278,10959.4966474418,1614915.581707
"ES019L2",272299.246432304,35517.3631124496,119647.589938723,84.6386376172304,480537.736318186,908086.57443928
"ES020L2",320210.048875809,201034.648794174,232922.493923187,615.701920568943,12241.2140005827,767024.107514322
"ES021L2",538060.369148389,112709.100158691,213403.138979882,918.034214237705,34748.3622528315,899839.004754031
"ES022L2",97453.7071783543,72680.9880867004,80272.2118299007,186.883433695883,10775.3710489571,261369.161577608
"ES023L2",262273.181183338,101477.297887802,100072.899912834,16.6749176960438,38174.2248027325,502014.278704403
"ES025L2",54019.73571527,51656.7691631317,59812.7536921501,13797.6812772155,19027.6304095387,198314.570257306
"ES026L2",52399.5559329987,1020.49369812012,19804.4185507298,6.63878535106778,32782.6710958481,106013.778063048
"ES028L1",17493.8711709976,20161.9394378662,13222.1944675446,53.1551630496979,2205.11012774706,53136.2703672051
"ES031L0",14259.3146716356,8032.66872400045,19247.5883177668,5.78396149189211,16758.3644628469,58303.7201377416
"ES033L0",32412.2414360046,1603.18647766113,16093.3909378052,29.7431938648224,1288.53787219524,51427.099917531
"ES034L0",107771.028709412,13312.368929863,50649.0296096802,4.09846311807632,11971.3515987098,183707.877310783
"ES035L0",11154.9302954674,37410.0112609863,5658.52253484726,75.3090086746961,17.3676583599299,54316.1407583356
"ES037L0",4271.48954439163,0,3748.08558940887,0.710031503345817,34343.2166371346,42363.5018024384
"ES039L0",10033.8596148491,53993.3781917095,6269.75394153595,10.8043241500854,17135.2743217945,87443.0703940392
"ES040L0",90872.9826579094,9973.7973690033,33126.5265350342,148.85724234581,510.001428961754,134632.165233254
"ES041L0",67654.0359382629,9432.06645989418,22637.2816848755,273.995955809951,2846.38001555204,102843.760054395
"ES043L0",21351.9388990402,2894.91439914703,12243.7850666046,31.6272366642952,5466.0062417984,41988.2718432546
"ES044L0",9887.41925954819,10386.3966522217,28753.8273821175,9.94511317298748,51524.5993320942,100562.187739155
"ES045L0",26648.9448318481,10163.579750061,16886.8334732056,12.2473572492599,2121.60714447498,55833.212556839
"ES046L0",31579.4925937653,2329.69417762756,14950.1525895447,34.3528098696843,58366.3013026714,107259.993473479
"ES048L0",2644.72185516357,1774.96794128418,1524.88748931885,29.310258820653,483.571947097778,6457.45949168503
"ES050L0",0,0,0,62.5060257911682,0,62.5060257911682
"ES053L0",14628.6730163544,8733.81479644775,6285.87021534704,2.07397007057443,2568.29940792173,32218.7314061415
"ES054L0",7295.59421443939,1279.56632232666,3845.36766016483,1.20203461870551,26233.4836838245,38655.2139153741
"ES055L0",4973.72737573087,7.01107251644135,3051.37483984232,4.88345680385828,43.7999051120132,8080.7966500055
"ES057L0",21855.7848587036,8828.44792175293,9352.78677749634,7.17381057888269,2030.5893843174,42074.7827528492
"ES059L0",384594.99466601,56410.4682035446,184302.835757934,92.5808653961867,143645.781263918,769046.660756802
"ES062L0",133595.204093933,22958.427778244,68759.4162496328,79.7004570364952,34563.0515272617,259955.800106108
"ES065L0",89798.344679741,110092.078533173,100449.842394353,2792.60999666154,38841.7814305127,341974.657034441
"ES070L0",97970.7918507457,75955.6248226166,88882.9148630798,74.6035127770156,299451.873218805,562335.808268024
"ES072L0",116457.365436606,52468.0236310959,66487.6004674379,18.9081708258309,5.21948712319136,235437.117193089
"ES073L0",53111.6414366961,123574.608963013,46747.8780087791,1058.44588880241,203.17265355587,224695.746950846
"ES074L0",40882.3309038877,89137.6126213074,53602.0690180436,98.4079747288488,316872.568629637,500592.989147605
"ES501L1",79326.6422454119,68471.7567749023,47528.1882441044,11.4436565339565,77437.2893701196,272775.320291072
"ES505L1",33918.5583863258,28700.9397854805,42250.0452010632,68.7810348710045,645053.120124578,749991.444532319
"ES506L1",119345.913596392,112494.513199329,108844.093598783,954.580494165421,38148.8336871266,379787.934575796
"ES508L1",61829.2432789803,96746.1077947617,51621.0094186068,3563.85446873214,79628.5215314478,293388.736492529
"ES510L1",59786.558467865,33525.9285933971,55280.4989800453,333.784515336156,25033.8451654315,173960.615722075
"ES514L1",114107.536232948,78967.9844553471,54425.7485207319,237.120283319615,133165.070458896,380903.459951243
"ES515L1",33118.7669689655,285355.16467762,47360.5825538635,9550.92289531976,12102.7406008244,387488.177696593
"ES516L1",35964.1174898148,15676.7722873688,26722.0166410208,6.83435440249741,280885.429054439,359255.169827046
"ES519L1",57921.6059174538,41167.1445674896,81399.4382565618,107.901168982033,242848.759419203,423444.84932969
"ES520L1",129532.88969326,32747.3877162933,59573.7995839119,37.9986385796219,27218.1401931643,249110.215825209
"ES521L1",39006.4146559313,21814.9168186188,22297.7783691809,683.147634744644,989.813686233014,84792.0711647086
"ES522L1",123892.321732044,699.253711223602,58843.6337890625,4.41754731535912,5672.64010559767,189112.266885243
"ES523L1",2524153.50796628,2687880.80520654,967556.627583008,1023.50338945678,23333.3494499016,6203947.79359518
"ES525L1",695315.280900162,1113102.63657188,261870.082774497,391.395683956333,9032.51130698074,2079711.90723748
"ES527L1",590193.727578968,1249906.95773458,210980.571757179,4781.61829112843,23556.321424529,2079419.19678639
"ES528L1",348403.464902395,966741.894703865,87544.0191388847,2647.28994310182,15219.3421499032,1420556.01083815
"ES529L1",332829.782896576,580739.131708622,91801.67126479,217.19764895807,20421.2185304854,1026009.00204943
"ES532L1",235432.175547499,280443.029635429,81274.467257956,200.444284100435,6508.90523991841,603859.021964903
"ES533L1",356131.015255745,393102.415415287,90193.9308818027,181.145764901114,6537.61220629269,846146.119524028
"FI001L2",50482698.6888018,3687877.75127697,11363412.4189578,56868.2172298897,441117.217279667,66031974.2935461
"FI002L2",6284362.71113586,1279692.67633259,1810955.58242488,4317.49582456984,103203.760139827,9482532.22585773
"FI003L2",3771720.04531097,603795.438257933,805168.192316115,1836.17618220672,300313.708750509,5482833.56081774
"FI004L2",984478.577486038,290166.79931581,385149.958351266,5107.14830125216,68983.1382609335,1733885.6217153
"FI007L1",2946840.47676313,669179.906320214,813173.518142417,5992.66979867965,56734.0498474896,4491920.62087193
"FI008L1",1955615.69309521,303746.19833827,561560.707705021,945.467288801447,147403.53868309,2969271.60511039
"FI009L1",4014097.18757522,750376.155837059,890814.74144268,1244.11852745712,60712.3813165128,5717244.58469893
"FR001L1",1045032.1790192,135292.870077223,460116.074719531,188.400368377566,26443.9788068756,1667073.5029912
"FR003L2",1052637.8171072,124413.991165519,209512.518794,147.020938303322,20373.4694150323,1407084.81742006
"FR004L2",542325.795376778,179789.54310894,131690.304244041,14048.8498938456,25914.4392255899,893768.931849195
"FR006L2",1153122.79474258,455996.373302341,421410.447890878,196.844949916005,206533.321200192,2237259.78208591
"FR007L2",295350.629835129,74779.7030405998,146180.632852793,248.026495117694,155562.90598464,672121.898208279
"FR008L2",738293.563469887,165864.32760334,338627.829550982,1038.01030212082,66019.0083177313,1309842.73924406
"FR009L2",567422.914722443,168741.274516106,248972.407928705,2380.98541088775,63691.0098408759,1051208.59241902
"FR010L2",318529.345853806,132976.216542959,168664.558636785,441.554557656869,141184.815255374,761796.49084658
"FR011L2",600896.288666964,183820.35993576,246802.533740222,976.235133186914,101459.979192287,1133955.39666842
"FR012L2",515266.200208902,194058.276209593,271126.034250379,1318.37698621117,102128.40053381,1083897.2881889
"FR013L2",418620.113431454,83318.9484328032,163629.083297491,370.874744225293,126329.590683162,792268.610589135
"FR014L2",867026.743986368,175508.62257123,330475.641789585,317.635497035459,76733.5526886876,1450062.19653291
"FR016L2",716820.975777626,248101.062181354,291160.875525475,235.567942298949,99104.7189809084,1355423.20040766
"FR017L2",710747.684090972,77888.4122424126,192121.572319359,196.805163422599,71680.2926018164,1052634.76641798
"FR018L2",406831.166348577,60059.3913736343,160626.81032899,121.275378890336,34125.8890306293,661764.532460721
"FR019L2",1094725.88532397,214671.665649891,350959.272076883,124.183711261954,18263.3696378374,1678744.37639985
"FR020L2",79298.1768001942,5518.59591948986,16422.161616985,268.575389927719,3552.34750892059,105059.857235517
"FR021L2",900852.432339206,34066.7415721416,136981.092607334,595.2412327528,6533.11358074658,1079028.62133218
"FR022L2",809489.52708149,113821.94325161,154507.053087234,1078.70376291871,29136.9656059444,1108034.1927892
"FR023L2",913854.293307781,201613.416008532,299110.446399212,1122.26649196073,100224.888657287,1515925.31086477
"FR024L2",674346.540566444,136386.927657604,262231.51717329,119.063317807391,104745.687637225,1177829.73635237
"FR025L2",432640.046607765,67353.794044286,100178.600432002,353.855047030374,60386.2602287829,660912.556359866
"FR026L2",726901.827734947,122504.10500598,239310.74326992,138.936771698296,60590.0313995779,1149445.64418212
"FR027L2",814162.227565765,111437.375391006,191910.354919434,335.877390027046,32536.5401530266,1150382.37541926
"FR032L2",831963.225377083,134871.974650443,182680.753098488,1964.06528265029,28848.8486459991,1180328.86705466
"FR034L2",491175.478200972,208704.76162672,114187.875216722,121822.500813328,55188.788059324,991079.403917067
"FR035L2",455365.684517615,72528.7401224375,135329.849026561,305.537720191118,35874.669635708,699404.481022513
"FR036L2",506946.166903019,47878.6707262993,178542.38942723,185.271253288724,52660.945763737,786213.444073574
"FR037L2",494044.344870061,61569.6770963669,95552.3410396874,186.351016486064,62934.7237134216,714287.437736023
"FR038L2",394403.849402427,18122.3251314163,58861.1124559939,143.708431884181,12499.0950850956,484030.090506817
"FR039L1",393114.871241331,56129.430929184,76159.6380202025,32.8214731812477,12199.993961812,537636.755625711
"FR040L2",297762.346476316,84311.2575774193,58019.6804709435,58.9891651738435,13945.7644375116,454098.038127365
"FR042L2",206721.882833481,49063.3957777023,92973.7870506197,207.510029486846,116331.75048276,465298.32617405
"FR043L2",440505.799821854,60201.3392205238,70164.8167791367,3835.50854062662,24466.4712570459,599173.935619187
"FR044L2",183651.191958547,15304.5917905122,72230.6444957517,322.996035907418,64187.5529170185,335696.977197737
"FR045L2",324000.089212656,37132.1002728641,82308.190779388,193.916426455602,88351.4016676992,531985.698359063
"FR046L2",191309.835524559,8394.55667710304,64102.6966094971,57.9144384898245,19039.1274063509,282904.130656
"FR048L2",408989.677033901,49740.2811498642,125751.268401563,258.093052562326,8997.41426766524,593736.733905556
"FR049L2",235747.046664715,60445.2328958511,109447.804846168,796.266814537346,46384.4631258622,452820.814347133
"FR050L2",159471.754571438,28718.0277719498,92467.5367450714,53.9345407327637,121883.117462754,402594.371091946
"FR051L2",242375.166369438,52397.1178945899,111856.633658409,41.6521611772478,105372.575478852,512043.145562466
"FR052L2",126128.341184616,16147.0689284801,34868.5392656326,339.530474159867,19960.2667877637,197443.746640652
"FR053L2",182780.638137817,14820.2168951035,103719.907337189,87.6225241478533,40999.6102840304,342407.995178288
"FR056L2",213550.08024025,30902.2020927668,69175.9524533749,193.06762444973,78649.8275218606,392471.129932702
"FR057L2",154876.000104427,35150.3473715782,71900.3026210964,73.1711403336376,119813.588323995,381813.409561431
"FR058L2",346712.071505547,55273.8744988441,53922.353379488,45.549187682569,57674.3993322849,513628.247903846
"FR059L2",282391.880699396,62160.7522293329,120820.41328454,28.1719713136554,57076.8614721,522478.079656683
"FR060L2",242616.845743895,24222.7954080105,67109.2157666981,54.1347888559103,38104.0020836294,372106.993791088
"FR061L2",120861.179966211,16834.7358579636,18334.2518577576,34.3032456152141,23484.6111159176,179549.082043465
"FR062L2",287474.702474713,13402.7452872992,37086.8653522134,83.8463372513652,31251.9872511253,369300.146702603
"FR063L2",223234.409550667,29359.4976620674,98954.7866735458,720.619596559554,29259.7584563047,381529.071939144
"FR064L2",360485.676446795,50917.2759723663,54113.5937623978,81.5451160538942,7884.38628511876,473482.477582732
"FR065L2",209572.534573674,42396.1875150204,69469.7201914191,47.5942225821782,16236.9323412348,337722.968843931
"FR066L2",135819.911982536,8141.73520064354,34326.6677954197,177.696611374617,69114.9720827639,247580.983672738
"FR067L2",219675.990213394,33695.4324259758,93369.8700413704,130.546466808766,65284.987533927,412156.826681476
"FR068L2",212845.975198746,55105.1509885788,55616.3310770988,492.435508862138,4466.38358990103,328526.276363187
"FR069L2",190653.494104385,16421.9700984955,37624.2003948689,72.0533511005342,60422.7273655832,305194.445314433
"FR073L2",152836.672060013,44194.2204043865,89505.8609434366,348.729730654042,104177.519242555,391063.002381045
"FR074L2",216590.611201286,14880.9354075193,66018.9825398922,83.6034257290885,20014.2807818875,317588.413356314
"FR076L2",262424.797742367,9515.10691392422,51887.6237765551,19.3274682089686,65052.9701379836,388899.826039039
"FR077L2",227572.733685493,3520.76715940237,29607.9199848175,28.9959450885653,871.81772887893,261602.234503681
"FR079L2",47365.5784292221,14441.1031961441,64837.8890318871,228.352411133703,119532.971247375,246405.894315762
"FR082L2",4433649.85004848,402357.908864111,917971.114713192,8215.97592015704,33122.9754865337,5795317.82503248
"FR084L2",3215753.37005494,52178.4176862538,401140.832869221,1718.89212007541,2017.32342868345,3672808.83615918
"FR086L2",508101.865215302,62936.6794047356,114006.938926697,274.005838632584,8707.66136735678,694027.150752723
"FR090L2",351933.669570923,80517.7457579374,104428.835086823,272.118841290474,3600.62053087354,540752.989787847
"FR093L2",471551.119596481,74260.5151820183,65544.9363064766,443.637617334723,23471.05021891,635271.258921221
"FR096L2",359374.770198524,51766.4992217422,189950.57941325,314.660264944658,30546.1341185533,631952.643217014
"FR099L2",1860154.62506676,358324.046119928,483811.093776226,3299.2317908518,96751.2738714963,2802340.27062526
"FR104L2",140819.846321106,14238.7833309174,78989.0525178909,475.728783726692,8744.09252500534,243267.503478646
"FR203L2",67625.8306595741,41024.6266374588,18305.2619207595,4206.42826893926,48.2393300067633,131210.386816738
"FR205L2",93281.6319847107,16561.6020855904,43263.5279563665,309.912099348381,19491.2398696765,172907.913995693
"FR207L2",327384.187479973,37397.045599699,81128.6819628477,437.670074500144,26353.5243263673,472701.109443387
"FR208L1",1702795.78902459,320316.836115003,290189.377812445,904.438194622096,224215.977849305,2538422.41899597
"FR209L2",161525.125229836,19759.8764631748,25937.1718759201,4951.55831541121,145.252884015441,212318.984768357
"FR214L1",94071.9085955918,1942.27336454391,4560.52079343796,4.02596258526319,38869.1990628392,139447.927778998
"FR215L2",162985.215653837,8663.70029354095,12683.5571542978,6.58982856513649,179459.591986775,363798.654917016
"FR304L1",101616.35213632,6551.17691230774,38937.1432140779,43.2400544541888,38439.4985262267,185587.410843386
"FR324L1",45520.875778609,3283.10513782501,7139.85460823542,385.452092786523,15257.9679923952,71587.2556098511
"FR505L1",84114.4370743483,11866.2227730751,15344.6277243225,0.0227577172845486,37824.2963121883,149149.606641651
"FR506L1",8300384.29246044,653694.607819185,1041085.67590335,7365.84194962494,122771.204365316,10125301.6224979
"HR001L2",309547.819695383,31848.2517342567,46522.6883549411,597.44629749842,40970.3831070308,429486.58918911
"HR002L2",396763.156208515,21891.5265645385,35870.4709243774,250.09007563442,50347.3359336555,505122.579706721
"HR003L2",244703.202316165,27110.8342400193,22538.9495176077,61.4112285096198,47526.971714668,341941.36901697
"HR004L2",314047.02040422,22871.5890166759,44336.0729697496,211.356971704401,71767.1949810851,453233.234343435
"HR005L2",245063.5494031,15840.9907252192,31625.4530983567,155.930642909254,150206.335166007,442892.259035593
"HR006L1",250290.864669915,42717.2514355779,45735.6928923726,114.313302230556,55082.0007131249,393940.123013221
"HR007L1",144712.960714221,13036.9898099899,36627.4306690246,113.586941795424,38681.0348412395,233172.00297627
"HU001L2",232786.8135252,58034.3270213604,45996.6232268363,188.565642092377,92478.2891149567,429484.618530446
"HU002L2",130097.462963693,6174.2388625145,8721.43459224701,48.5417229086161,31784.8881516084,176826.566292971
"HU003L2",107293.667830229,25513.5804076195,9721.23135226965,150.765071975067,54108.7375569493,196787.982219042
"HU004L2",89567.01572299,13714.6536690593,15663.5338420719,60.1992682879791,8461.43579983362,127466.838302243
"HU005L2",73427.6197946146,8320.84912228584,12719.3037585989,88.4590700045228,10414.9584015124,104971.190147016
"HU006L2",111229.306148767,14743.2118462324,7687.63834163547,64.7303506340832,45677.0874042511,179401.974091521
"HU007L2",72742.6244423818,4552.58380508423,10871.5237903306,51.5348285974469,14261.2191360369,102479.486002431
"HU008L2",112971.010723352,23165.6360784471,23698.0656639338,38.9926089067012,20574.7347846329,180448.439859273
"HU009L2",85850.6721305847,7066.23913145065,7278.1374887228,36.909785233438,20026.4858614355,120258.444397427
"HU010L1",45332.7417981848,3352.41690784693,4252.38654917479,69.6417229771614,14534.3755715117,67541.5625496954
"HU011L1",5902960.83472836,1747426.75357914,1581042.34036675,28731.7854888141,358562.249800229,9618723.96396329
"HU012L1",1097635.12269759,273305.373785019,233427.332091615,5497.13896869868,231858.597249009,1841723.56479193
"HU013L1",317801.67610085,78464.7891716957,125116.562981814,240.851383715868,20565.6771640147,542189.55680209
"HU014L1",338967.746380344,94706.3270530701,79874.9410517365,150.05717233941,61598.4867646378,575297.558422128
"HU015L1",136265.881523095,56481.2527198792,48673.5794829279,162.07743883878,38618.5121087134,280201.303273454
"HU016L1",179365.496686724,0,0,69877.0547768921,0,249242.551463616
"HU017L1",12143380.3377334,744660.364767969,2558294.96099499,12380.8327060305,211458.611751571,15670175.107954
"HU018L1",13309820.2985382,2791833.9046936,3496334.54853439,7020.52656340599,128785.306283957,19733794.5846136
"HU019L1",12038868.0662766,510560.833706141,1771433.16781533,14470.6847621799,29757.7029469311,14365090.4555071
"IE001L1",4364909.58383277,873220.630625725,1156519.31316692,3128.92537977546,58342.1050646938,6456120.55806988
"IE002L1",1523739.93444633,4505.35435318947,226528.536967814,904.764315519482,55148.8512473106,1810827.44133017
"IE003L1",1246801.62158549,34205.026461482,363201.012240648,10563.6392772943,1472.90420343354,1656244.20376835
"IE004L1",977774.577503204,149556.286911488,379669.98639667,713.922620244324,37528.3458674066,1545243.11929901
"IE005L1",523237.576926231,110756.783426285,183629.457392693,423.108189985156,56532.99214077,874579.918075964
"IS001L1",1181939.4524076,387091.091155052,558792.155251265,3413.56010321155,103179.225409269,2234415.4843264
"IT001L2",2405794.13917446,186381.658795774,432982.941938639,655.750260688365,21080.9592607021,3046895.44943026
"IT002L2",968430.674105883,252363.372537374,343077.254616857,2692.00072053447,21411.6415144121,1587974.94349506
"IT003L2",1091311.07399559,318233.172555447,460059.490924835,705.927912950516,39894.935212642,1910204.60060146
"IT004L2",92602.0488700867,42003.3630018234,57340.8181319237,392.938871003687,43302.0900271535,235641.258901991
"IT005L2",228853.72565005,29795.1905622482,146883.325696252,320.589657769073,4299.88991425186,410152.721480571
"IT006L2",145133.507680044,65872.020072937,45401.650207296,1818.72200645506,1189.35700118542,259415.256967917
"IT007L2",378333.356633902,41442.2777212858,155237.222401917,145.071253575385,44413.7815669179,619571.709577598
"IT008L2",160892.996213913,98758.9007444382,80049.7469148636,318.618139572442,23058.2498264313,363078.511839218
"IT009L1",329395.048519135,65981.5730805397,108853.973474503,276.305724620819,8766.97629028559,513273.877089083
"IT010L2",130386.230704308,3497.83428192139,32821.5947113037,17.1752555854619,42233.7493484467,208956.584301565
"IT011L2",360881.453079224,66107.521692276,106108.275115967,67.8857799768448,2468.21799650788,535633.353663951
"IT012L2",235631.069367409,87979.2373247147,104118.790777683,3563.4553617239,51595.4316513166,482887.984482847
"IT013L2",128485.708857536,12762.7996554375,77975.1599091291,68.238463262096,35481.4994820952,254773.40636746
"IT014L2",154550.750805855,7266.21951341629,60332.3749065399,96.2557801678777,20357.5198788587,242603.120884838
"IT015L1",217609.687737465,6923.10377621651,53460.6976823807,315.345772266388,13914.3093775064,292223.144345835
"IT016L2",374637.906270202,7283.56489908695,72512.3097611589,160.369232177734,59440.8219792098,514034.972141836
"IT017L2",484452.081722945,153887.53113842,149711.038690146,5015.68502761424,43852.4498375244,836918.78641665
"IT019L2",1356588.52665329,181492.149827242,409964.994691849,310.852365255356,28973.1916396618,1977329.7151773
"IT020L2",1000733.61907578,397731.114762783,311495.051034927,138.335888683796,27633.158485353,1737731.27924752
"IT021L2",528300.103411674,163005.109209061,293893.862128258,361.937762111425,37167.9643757939,1022728.9768869
"IT022L2",57634.4704217911,13961.3604798317,65362.9471181631,67.9711967892945,81387.4420299232,218414.191246498
"IT023L2",327720.988551617,11635.5142960548,124084.093423128,537.939032927155,6961.87192755938,470940.407231286
"IT024L2",198914.861221313,57435.6413944364,63682.0918451548,129.321927532554,44665.9992572069,364827.915645644
"IT025L2",144062.101165414,13828.5646777153,74831.8568124771,383.734182216227,4496.44195632311,237602.698794146
"IT026L2",485671.957839847,111392.498915672,99948.8339569569,80.6478921175003,38745.8638214469,735839.80242604
"IT027L1",261346.595074415,20014.7646179199,68032.2158899903,1354.53678046167,1583.18369962275,352331.29606241
"IT028L2",441655.137578964,18573.0841574669,90173.5337314606,130.759225089103,37968.4965587854,588501.011251766
"IT029L2",51960.3975219727,11923.421705246,23765.230899334,105.274153873324,13374.3851680756,101128.709448501
"IT030L2",92580.4900693893,26258.3141946793,28148.8284778595,12.1361146867275,15559.8740561008,162559.642912716
"IT031L2",660056.018562317,106573.616366625,93360.5716686249,108.134258270264,633.881914686412,860732.222770523
"IT032L2",254512.002748489,170149.377122402,71621.7470760345,360.180024445057,15223.4875554442,511866.794526815
"IT033L1",593606.051872253,94372.7163248062,96339.1162719727,243.20852547884,11944.0588104725,796505.151804984
"IT034L1",681808.827560425,57594.3837718964,90090.5014152527,114.612119793892,765.021211192012,830373.34607856
"IT035L1",197698.290420532,29582.9770774841,31084.702911377,91.0093442201614,822.706709861755,259279.686463475
"IT036L1",244443.086238861,4026.9331240654,43068.6077976227,224.717152878642,19067.0733514428,310830.417664871
"IT037L1",135718.686376572,12241.2874259949,44729.8658049107,268.159165561199,23742.8667991757,216700.865572214
"IT038L1",137982.311912,5169.32817268372,25415.193582058,87.7570565342903,109.753863550723,168764.344586827
"IT039L1",350341.904464722,8101.26670360565,67679.7969578505,104.323292978108,7989.32225785404,434216.61367701
"IT040L1",109041.27311933,10027.5082035065,21065.6524522305,224.771500110626,120.045519158244,140479.250794336
"IT041L1",259447.709626198,7254.89591175318,53682.7134714127,68.6834582239389,19503.852934584,339957.855402172
"IT042L1",46068.5059890747,306.293632507324,11219.9907517433,25.9933042526245,344.620283603668,57965.4039611816
"IT043L1",76250.9206285477,4128.78304290771,28151.5382859707,307.403756305575,227.25157090649,109065.897284638
"IT044L1",94016.3659534454,10671.2211954594,24310.9485912323,7.11691627651453,13322.0481990576,142327.700855471
"IT045L1",27558.9119930267,11327.9213562012,12009.6559832096,9.09809936583042,37219.976123333,88125.5635551363
"IT046L1",245807.618512154,18960.9052369595,57936.9493780136,26.4312869906425,1463.27192884684,324195.176342964
"IT047L1",99266.8436908722,290.889132499695,10466.7356567383,128.100387573242,821.406511962414,110973.975379646
"IT048L1",240501.325839996,75745.1309146881,38986.4659771919,42.937352180481,16139.4599682689,371415.320052326
"IT049L1",333722.705695152,51235.0326564312,37109.4523792267,16.0903158560395,6396.56450064806,428479.845547314
"IT050L1",343573.68941164,50680.4958400726,44778.5145606995,218.815214276314,429.519299005158,439681.034325694
"IT051L1",284290.705148697,3160.62041807175,61722.7629804611,611.716362796724,1302.22493384778,351088.029843874
"IT052L1",554419.872455597,196681.933146238,120578.173885524,223.241695821285,5845.45800601691,877748.679189198
"IT053L1",393136.479545593,241796.808552742,151120.452128172,587.53701210022,64843.4611497819,851484.738388389
"IT054L1",57586.2737107277,22603.0129588842,32074.7470259666,1023.9564098157,5678.11605800688,118966.106163401
"IT055L1",436179.724309921,87197.4141778946,89518.6072616577,177.705527842045,31335.5490623116,644409.000339627
"IT056L1",200140.205022812,49263.2184581757,110980.906383991,873.587540671229,47378.8753603101,408636.79276596
"IT057L1",234646.055065155,53954.1213388443,113318.358542442,124.033700168133,80132.6443446279,482175.212991238
"IT058L1",301880.297324181,28044.7248290777,64261.3579728603,109.67977566272,17533.2886959314,411829.348597713
"IT059L1",75271.0079240799,506.872159123421,20867.1634248495,154.977028265595,10515.802955538,107315.823491856
"IT060L1",710971.976509094,227118.450508118,177445.361534119,382.589574694633,4396.80138111115,1120315.17950714
"IT501L2",206657.498618603,55040.5065851212,71320.4034900665,91.8092092424631,28515.0794660151,361625.297369048
"IT502L2",266495.900815725,37310.580426693,52797.2919544429,293.621054053307,32627.8697456121,389525.263996527
"IT503L2",604471.807907104,117506.362921715,165502.910621643,86.4404709637165,16833.6969669461,904401.218888372
"IT504L2",199337.830178261,34941.6444524527,74966.6868909597,92.7886660173535,25914.3604314476,335253.310619138
"IT505L2",137422.861890793,30662.3356499672,60116.0932631493,720.458142541349,44429.3120673299,273351.061013781
"IT506L2",857031.848741488,121468.80289197,266390.305198342,8077.84460918605,164799.3066884,1417768.10812939
"IT507L2",634941.590766847,112925.476488978,220193.945911288,6124.32537275553,95216.5751117021,1069401.91365157
"IT508L2",162897.422377534,24578.7442865297,57149.2635868087,1892.9523351267,155655.394833267,402173.777419266
"IT509L2",81527.7942800522,17816.1503491402,8436.30839729309,116.21657730639,756.611829221249,108653.081433013
"IT511L2",99421.8468055725,37220.975064069,40379.208258152,14232.9099645615,2012.92035830021,193267.860450655
"IT512L2",161744.228807449,20501.977022171,23824.1968159676,3020.72069709003,1245.00142484903,210336.124767527
"IT513L2",861544.309676163,203372.246034145,1570942.41902591,817.957023358904,25635.9504906312,2662312.88225021
"IT514L2",968944.261029243,981677.284316063,296771.101967335,40828.3619457558,453.257984757423,2288674.26724315
"IT515L2",131851.910226971,223815.665509939,22887.6694733668,641.084272395368,90259.6875629945,469456.017045667
"IT516L2",228605.836582243,67722.222402215,22372.8300093114,692.180139270611,85030.5057279151,404423.574860956
"LT001L1",295829.482234791,88082.4948679209,27748.7166819274,785.93234331347,71208.8168118447,483655.442939797
"LT002L1",87104.5775540061,0,0,228.464932769943,29097.3994850069,116430.441971783
"LT003L1",544869.641083658,0,71146.2226340435,1644.28247477859,170159.120934576,787819.267127056
"LT004L0",33154.4822285287,371.013885289431,4276.10786897503,192.921091258526,99969.2290789634,137963.754153015
"LT501L0",153299.75655216,0,16142.0040055513,171.346298456192,40560.4798870832,210173.58674325
"LT502L0",17887.2476900518,0,2338.98419206589,140.211337924004,89393.9904903024,109760.433710344
"LU001L1",111053.261819946,0,92373.7435529083,3624.29082036018,6107.43747639656,213158.733669611
"LV001L0",4056189.76158142,173003.478414416,1024308.52213287,1510.30021595955,341.371499521658,5255353.43384419
"LV002L1",7750302.1426079,1212675.95730311,2876166.40060925,50789.717116043,36051.8173266297,11925986.0349629
"LV003L1",5707028.69478607,935648.616596699,1941751.0606184,762866.697549224,21512.4260672759,9368807.49561767
"LV501L1",2676489.4012146,324748.820701599,1353730.22169495,4771.2794225812,2220.52698899183,4361960.25002272
"ME001L1",2983850.0804987,476281.89811182,845393.742951393,2060.17845100909,21803.5173792616,4329389.41739218
"MK001L1",958948.652321339,195604.127223313,294709.828027725,199.078109741211,5060.26159957051,1454521.94728169
"MK003L1",1716910.07865953,301720.815970778,412644.662611961,3645.09564829618,37426.2131542056,2472346.86604478
"MK004L1",1139483.09570346,261798.431970179,352771.032145262,1207.7309063077,15406.8342194268,1770667.12494463
"MK005L1",1385966.90105551,200752.033858299,472624.72000885,8287.2908731997,5207.34835392982,2072838.29414979
"MT001L1",231576.268969059,28659.3471221924,97797.1468715668,41.2514382004738,4889.22307053208,362963.237471551
"NL001L2",1163663.30534153,278183.431413233,387374.179487228,2189.64401942492,9088.34688444436,1840498.90714586
"NL002L2",1278311.90300274,153270.076472282,356678.674602509,5540.15043857554,4725.54349141568,1798526.34800752
"NL003L2",951297.178606987,92355.0186347961,296118.228283882,268.57626850903,3784.46159197204,1343823.46338615
"NL004L2",516704.526473045,84044.4873538017,126793.965596795,1806.50497050583,7311.30568735715,736660.790081505
"NL005L2",331041.642950833,22655.0164842606,103846.269884109,3679.90568447113,3996.34741446376,465219.182418138
"NL006L2",481185.850540161,58440.9340705872,173609.413619995,44.2855138778687,415.883079893887,713696.366824515
"NL007L2",381900.099143982,18126.8332128525,92879.968132019,78.3530930876732,48.2483154579531,493033.501897399
"NL008L2",485943.500042915,135210.246566772,131761.491244793,443.4240899086,6995.29588376731,760353.957828157
"NL009L2",182159.353424072,12392.3702549934,36335.3509273529,419.38358259201,514.941656311974,231821.399845323
"NL010L2",170575.52056694,33999.6734161377,56513.1090596132,43.7262172698975,6826.43630983867,267958.4655698
"NL012L2",177734.63760376,34956.8961029053,31584.8429870605,1052.62292861938,28.8483457565308,245357.847968102
"NL013L2",201754.978607178,19710.1923627853,59855.7358779907,725.12547492981,37.9725022371858,282084.004825121
"NL014L2",395908.189664125,59178.5469725132,50871.4837730229,14799.4500283003,5489.89771704376,526247.568155006
"NL015L2",983839.566837311,156694.791896105,439007.655653,283.264392495155,4863.48440798372,1584688.76318689
"NL016L1",598839.261089325,68713.881193161,204502.730043411,250.772448509932,299.652229489759,872606.297003897
"NL017L1",229142.491073608,42804.7460632324,43528.1113815308,177.503425955772,7473.39321677387,323126.245161101
"NL018L1",581751.463737488,47175.0198326111,166692.553504944,6899.27210140228,876.566666148603,803394.875842594
"NL020L1",421352.114974976,60383.145898819,140381.807422638,307.975467681885,248.605718354695,622673.649482469
"NL026L1",493678.573387146,98820.1142492294,204264.228107452,369.387578584254,797.430370765738,797929.733693178
"NL028L1",530079.479331017,65626.7042551041,119119.705177307,240.160101493821,2679.79598424584,717745.844849167
"NL029L1",348112.467357635,35021.9944987297,73404.1440315247,288.796712398529,2743.8609394012,459571.26353969
"NL030L1",697633.585310459,66641.7822561264,135824.100545228,89.2923623919487,1456.78588236868,901645.546356574
"NL032L1",639740.108402252,182607.373434544,148057.411395073,654.19483815413,12763.25247702,983822.340547043
"NL503L2",493058.928034499,75101.2207450867,115750.349565983,94.399625658989,8493.94186820462,692498.839839432
"NL504L2",1507419.21974655,680289.344851911,628288.670844551,12089.3734901045,43850.1272521056,2871936.73618522
"NL505L1",485265.542908564,44838.568434298,119000.463285871,9143.18325256743,2042.80093707144,660290.558818372
"NL506L2",287035.958302677,115085.286187172,95155.5626598559,1690.87409318984,15481.899108164,514449.580351058
"NL507L2",232413.906998631,192791.41795662,119217.698675215,4402.37715232046,6694.25894346833,555519.659726255
"NL511L2",99190.7726903935,34819.02879107,38085.345542416,259.977961614728,279.231048636138,172634.35603413
"NL512L3",40399.2787980076,10601.1138877869,23066.5772931259,950.04540717206,0,75017.0153860925
"NL513L2",7249895.38263035,1501633.94086862,1438004.85869563,12468.4674754441,303058.328978121,10505060.9786482
"NL514L2",2469451.89982224,581830.182794571,407416.0425843,3288.57194498181,70281.2376006842,3532267.93474677
"NL515L2",3007004.34428406,500272.190002441,421809.313357592,1529.20066669583,167231.448489308,4097846.49680009
"NL519L2",1500978.06664538,536959.292169571,339960.203225315,4224.36378069967,135460.416486889,2517582.34230786
"NO001L2",1725410.7852962,671659.305402756,435906.827664256,3613.20303621329,126236.227002077,2962826.3484015
"NO002L2",1401119.43649805,494077.749018669,317297.295051515,43400.4031421952,93294.5649309158,2349189.44864134
"NO003L2",530369.106777191,343987.786112785,134713.715924203,14684.4783844042,30387.7977106944,1054142.88490928
"NO004L2",622616.661556721,320253.216646194,130686.236047924,1800.80747919157,70198.6130761988,1145555.53480623
"NO005L2",1455206.84325504,191934.605953217,182818.048655033,712.847434327006,180171.952901036,2010844.29819866
"NO006L2",4291389.66675854,2327792.66323304,907727.061470985,7710.64390989393,65168.1172593981,7599788.15263186
"PL001L2",704747.691719994,105240.010093689,121465.982982606,755.355100693181,56692.7111426368,988901.751039619
"PL002L2",584262.143535376,75997.7777090073,91323.1964124441,375.565718457103,62693.885296315,814652.568671599
"PL003L2",396861.459641218,247804.923520923,118106.178618193,1224.19400426466,65111.5438953489,829108.299679947
"PL004L2",320067.742500782,111241.55680418,60396.2141611576,333.664592087269,51589.8526169807,543629.030675188
"PL005L2",1111028.19638443,49029.5965266228,71697.4109799862,1387.08760926872,92083.7562840879,1325226.0477844
"PL006L2",308774.924574852,91662.8972175121,76355.8601367474,428.026473375037,47335.679372862,524557.387775348
"PL007L2",183166.999692917,46938.0697116852,54441.127468586,162.50926053524,18654.0644012718,303362.770534995
"PL008L2",206441.383670568,28027.3390617371,56407.6857608557,188.819427765906,20054.4173508883,311119.645271815
"PL009L2",154670.331313845,2744.23285293579,17117.991869092,59.1345900224987,18352.1232175906,192943.813843486
"PL010L2",518527.450070739,9766.96949386597,36900.4577018842,79.7448601201177,24020.0266920617,589294.648818671
"PL011L2",116351.045770075,23623.5551300049,17706.9950030446,47.0489286482334,35955.3783699274,193684.0232017
"PL012L2",217136.872441769,62840.7188649178,40563.6113122702,142.647187061608,51760.3017988801,372444.151604898
"PL013L2",768491.291089058,129576.208336353,115800.839380145,756.157305173576,54280.5734168291,1068905.06952756
"PL014L2",611927.344630241,77777.418598175,93019.3190965652,1892.60332269222,33727.5726752877,818344.258322962
"PL015L2",293690.751465797,311516.482913733,47598.1216171384,321.401942156255,91790.7961731404,744917.554111965
"PL016L2",299647.972743988,85762.978099823,58138.2842202187,110.711106017232,80181.576004684,523841.522174731
"PL017L2",168925.983453631,1479.02968215942,38969.5438156128,80.6804714426398,34583.5298133492,244038.767236196
"PL018L2",192852.599574015,2375.80154895782,25484.3258774392,722.714113519527,59367.3132886142,280802.754402545
"PL019L2",231405.12656498,43694.679854393,43906.3119182587,327.736955463886,14297.5083405375,333631.363633633
"PL020L2",265408.548305035,29744.2132415771,25714.8566074371,91.3392906300724,51359.0690772831,372318.026521962
"PL021L2",325653.093858719,51827.3625526428,59525.8129191399,179.721200808883,44459.0251317918,481645.015663102
"PL022L2",102316.881146431,19317.1550188065,27478.7153526545,325.876002077013,27732.0303408653,177170.657860834
"PL024L2",82683.4925751686,31368.3621683121,13208.5640864372,678.848764549941,10993.9149037674,138933.182498235
"PL025L2",94068.8973522186,47913.8895711899,16238.6429394484,235.450175367296,13696.0390356183,172152.919073842
"PL026L2",105614.992274284,22585.5843009949,11057.8593805432,21.4797860290855,22734.7647275366,162014.680469388
"PL027L2",109809.479781151,14349.7226259708,23811.9423767328,175.835018739104,38765.6527452469,186912.63254784
"PL028L2",77681.3938055038,13323.3945732117,22036.4271783233,184.265385743231,17045.7629068792,130271.243849661
"PL029L1",247898.527495384,62516.2632751465,44583.8398851156,209.946972079575,31049.406538859,386257.984166585
"PL030L1",88608.4245209424,7712.79874563217,10079.0561324358,475.806435704231,41061.1263475567,147937.212182271
"PL031L1",169078.685521603,3502.46822547913,12003.0036602318,12.8119665673003,52354.2561140954,236951.225487976
"PL032L1",159748.252187714,14053.2835173607,11946.3453582525,100.63127887249,20802.8950443268,206651.407386526
"PL033L1",185772.216226578,16678.7595024109,24590.2700343132,28.8204896301031,10702.7017575204,237772.768010452
"PL034L1",104557.599711418,37494.8326809406,14992.5932729244,121.689929474145,29389.0317801237,186555.747374881
"PL035L1",177842.951431274,29943.0638737679,23415.9223566651,74.0687482580543,27253.2866104394,258529.293020405
"PL036L1",157165.105002403,19185.8088684082,16300.2355309725,54.6677498370409,3357.18055146933,196062.99770309
"PL037L1",111621.450094223,31389.5240066051,19639.4964153171,17.5607876963913,22379.8146412522,185047.845945094
"PL038L1",150732.648277283,26847.7769393921,23534.7903169394,264.056718505919,32520.1641534567,233899.436405577
"PL039L1",95192.1935949326,8648.3558216095,10285.6363449097,60.2775323837996,24465.5155435801,138651.978837416
"PL040L1",62997.9068202972,21557.0498275757,18721.4679238796,368.991738379002,15972.7295379639,119618.145848095
"PL041L1",55123.1580967903,5727.00478363037,8377.01074016094,65.5713719539344,12235.8190445006,81528.5640370362
"PL042L1",1350688.97479987,108056.02460289,74460.5989822149,298.010526351631,10113.426762864,1543617.03567419
"PL043L1",299241.11738205,65184.9225215912,28016.012878418,254.530850306153,2001.18236152828,394697.765993893
"PL044L1",98680.5830597878,40233.3624436855,10661.9784317017,75.8918181806803,12249.4472994506,161901.263052806
"PL045L1",247080.857566118,29076.1773934364,42578.7187403589,310.045559763908,41174.2323260102,360220.031585688
"PL046L1",257731.654777527,101022.250743866,31894.1006770134,73.1289620622993,56618.0297631621,447339.164923631
"PL047L1",703683.32644558,44803.6766347885,37061.8163833618,131.551409430802,43282.7239890993,828963.09486226
"PL048L1",180479.546729088,54374.1808227301,41203.9363960028,404.448813702911,31086.9650788307,307549.077840354
"PL049L1",145148.255169392,22883.8876819611,25806.2433294654,68.7773731946945,24852.8395859301,218760.003139943
"PL051L1",1759565.33346041,1650953.40507126,1799261.30307579,3525.5378561113,251332.347091056,5464637.92655462
"PL052L1",1307331.51486301,502445.895430565,873189.29540205,2886.63505367376,19310.8124856502,2705164.15323495
"PL506L2",354327.485672951,74295.9905939102,148077.755325317,26.2806293815374,26829.7105286717,603557.222750232
"PL508L1",189607.175891876,64428.3253002167,190827.739100218,80.3897757381201,62741.6081453264,507685.238213375
"PL511L2",12086.7622597218,29294.6355714798,6977.46649098396,182.803526133299,1213.82081293315,49755.488661252
"PL512L2",98067.9872131348,89745.3090002537,61179.7893159389,95.4822323806584,15091.5286391973,264180.096400905
"PL513L2",39798.8749175243,13561.0647354126,27819.8152384619,68.7675292566419,28234.3021603227,109482.824580978
"PL514L2",93077.0683970451,26153.101462841,32925.4886569977,15.647801399231,16634.608420372,168805.914738655
"PL516L2",68192.7223806381,10133.7415504456,28640.1151597351,67.3511538207531,8967.4636952877,116001.393939927
"PL517L2",32306.392595768,6816.29958486557,17317.0012674332,17.2473596706986,6428.51508042216,62885.4558881596
"PT001L2",244104.588571548,60553.9739313126,75448.4546756744,5.91557675600052,16194.8326539993,396307.765409291
"PT002L2",2416816.55617118,494971.001764417,402996.109122515,1383.01405226908,156079.575832188,3472246.25694257
"PT003L1",83889.7647275925,17422.122289896,14290.8118860722,22.8937201574445,75453.8265476823,191079.4191714
"PT005L2",180016.703666449,52262.4915485382,27970.0944414139,177.07635682961,40734.7642378807,301161.130251111
"PT006L2",195935.123856068,44780.8123607635,25074.6834721565,65.6159961009398,48319.4423707724,314175.678055861
"PT008L2",32889.3313789368,25667.0607309341,4368.99349383265,7.24806698341854,44278.0373430252,107210.671013712
"PT009L1",122044.092963219,29050.3878703117,17068.9596605301,121.676478815265,24624.3859637976,192909.502936673
"PT014L1",124054.319212914,31007.1465749741,7431.79686403275,582.1307178922,18918.7900627851,181994.183432598
"PT016L1",99952.2796010971,55974.1837961674,19896.7682611942,446.566309266491,112535.598336101,288805.396303826
"PT019L1",39782.139244318,10639.2334632874,8694.05981141096,367.537953398423,21349.5412751324,80832.5117475472
"PT505L2",87214.8694410324,10011.2435534,8034.90612590313,2.18302342388779,16663.777009964,121926.979153723
"RO001L1",26872.7019844055,3261.27186751366,1825.1033924818,0.365336313145235,10199.6911626905,42159.1337434046
"RO002L1",4197.42597846407,4449.12651316822,4412.08228343725,62.0091321133077,55109.5863126516,68230.2302198345
"RO003L1",51099.4330211878,18748.4409081936,13655.0982103348,48.1210020035505,17369.9768134356,100921.069955155
"RO004L1",25055.9171738625,6016.38089442253,5650.63475191593,190.977393299807,34943.3648352623,71857.275048763
"RO005L1",39534.5785312653,16375.4547235966,4429.14564418793,60.770421186462,70821.5255892277,131221.474909464
"RO006L1",31135.7189831734,10570.6888895035,3250.24046611786,4.75063975015655,22076.4672574997,67037.8662360446
"RO007L1",9681.72966897488,9416.66354417801,2775.03096655011,24.9046734510921,83164.8972855806,105063.226138735
"RO008L1",97779.8850107193,16824.2888698578,11625.7069401741,5.08607583586127,26631.0842220187,152866.051118606
"RO009L1",13041.60019207,12826.8239560127,1412.47639369965,0.100558036006987,12222.5016639233,39503.5027637416
"RO010L1",26060.142493248,8828.95358252525,2461.28789496422,5.93920197384432,56092.8503818512,93449.1735545625
"RO011L1",44784.5588817596,28417.5612010956,3571.34984636307,121.813411988318,23389.5768065453,100284.860147752
"RO012L1",30746.7626862526,5031.21909952164,2245.76067173481,0.623129479121417,50038.2408153415,88062.6064023296
"RO013L1",94582.6268859096,34794.9956703782,24684.4612261606,2023.20316957263,114257.739308357,270343.026260378
"RO014L1",230795.471562602,37804.0316503048,18447.346193552,87.9665406891145,98486.9308540225,385621.746801171
"RO015L1",103375.460063338,147296.834340096,12266.0378666539,26.0936311391342,71444.5532054901,334408.979106717
"RO016L1",101403.222748253,41925.7286200523,20206.7437042464,93.6334662023,42097.2630930245,205726.591631779
"RO017L1",209968.519795418,87539.2122266293,25435.9561502934,1473.8640971845,61725.1406023502,386142.692871875
"RO018L1",138724.76720047,29912.7979106903,12099.7876772881,6.24025119747967,22235.5056849718,202979.098724618
"RO019L1",50967.3380201831,4601.7747130394,2542.05170838535,4.36203324317466,19501.6934123612,77617.2198872123
"RO020L1",41653.1139595509,9949.86305820942,7635.22665715218,89.651307253167,51474.5670558214,110802.422037987
"RO021L1",39403.2081589699,8455.04577040672,3958.06888866425,6.86465564114042,100170.095848799,151993.283322481
"RO022L1",66112.3139181137,8261.26186561584,3536.80609560013,1.10289782844484,49661.4045945406,127572.889371699
"RO501L1",69768.7076063156,9954.44827032089,5488.43388080597,1.38628330733627,11994.1606370211,97207.1366777709
"RO502L1",45731.3342380524,2488.68931388855,3184.69778156281,323.049422237091,37913.8071825504,89641.5779382912
"RO503L1",22805.6666772831,3256.06203323603,2023.84956550598,245.499802472681,25856.8329631686,54187.9110416664
"RO504L1",163950.534475105,0,0,1452.55862693042,391472.332067132,556875.425169167
"RO505L1",158689.421045005,0,0,998.286595010032,340694.086601377,500381.794241392
"RO506L1",77480.4428643584,0,0,118.626785971064,170915.886420399,248514.956070728
"RO507L1",60096.007959038,0,0,458.907225764986,511091.727058768,571646.642243571
"RO508L1",24589.3912488818,0,0,0.0052962180270697,53832.5173188299,78421.9138639297
"RO509L1",63339.7964247465,0,52.4002285003662,207.939286367833,445429.158651233,509029.294590847
"RO510L1",68671.0995829701,0,0,50.4816437746631,64545.1133920848,133266.69461883
"RO511L1",81911.8484830707,0,0,16.4406538458716,101771.55132252,183699.840459436
"RO512L1",77417.1851752102,0,0,160.911848453223,131989.110268733,209567.207292396
"RO513L1",93655.5859364867,0,0,65.9971861928625,132082.699073009,225804.282195689
"RS002L1",99168.3522710204,0,0,0.0268796404197928,176423.335540652,275591.714691313
"RS003L1",58531.2141007371,0,2961.2824357748,93.1729152982589,84815.1598356329,146400.829287443
"RS004L1",118822.821752071,0,0,255.233271147852,338837.414701104,457915.469724323
"RS005L1",1390245.8117025,911616.797476649,998608.555270151,12175.6371221151,13812.9040700879,3326459.7056415
"RS006L1",605906.858119403,1051026.19731927,466733.778130688,13236.5350732412,7874.66315565153,2144778.03179825
"RS008L1",284602.13414669,528677.390850782,335847.690878481,6561.91405887902,38094.4488311363,1193783.57876597
"RS009L1",114515.19302959,144473.68071866,89951.8081803443,448.855211511254,3299.15236945893,352688.689509565
"RS011L0",83697.3421821014,93265.3995890617,34675.0080454797,621.825914337911,2295.26958956654,214554.845320547
"RS012L1",177283.9532272,263477.497599602,126815.726872678,795.357725651469,20217.0364177215,588589.571842853
"RS013L1",160997.445257372,186447.552695274,94519.5457377769,2928.96534189885,21939.4636814764,466832.972713799
"RS014L1",169553.634998931,168160.951736927,134668.135431032,605.793903607992,16264.2340127006,489252.750083198
"RS015L1",134442.25365293,179562.651709318,74921.8539128043,1044.51212572772,15053.8362155827,405025.107616363
"RS016L1",116805.348801123,311131.078859329,72032.5593526419,2089.82895569131,13179.5913000577,515238.407268843
"SE001L1",124955.152746379,98401.3379579782,73124.7863830067,12459.9775535762,20445.2528235251,329386.507464466
"SE002L1",84500.6979712546,116046.427340508,42103.0187698603,230.620641484857,567.395817052573,243448.16054016
"SE003L1",729472.483251572,137146.467186213,548510.050576389,167.266933010076,10566.2266682237,1425862.49461541
"SE004L1",493793.338669538,34169.6206245422,210706.746729285,236.864602462971,35962.9902973548,774869.560923183
"SE005L1",340187.256188512,606384.682463348,134090.171013594,4541.4468344254,40044.4869059213,1125248.0434058
"SE006L1",227099.022980914,222016.838516712,56917.2786699235,1867.72785291448,31014.215353325,538915.083373789
"SE007L1",69206.2866822481,50269.8501291275,23820.2566247396,269.705158680677,4838.86950972746,148404.968104523
"SE008L1",162479.564710617,47363.723824501,33580.2977156639,462.069280385971,40327.6068509519,284213.26238212
"SE501L1",134423.385725021,57424.6347122192,24600.9181720018,240.434620290995,13927.8194164969,230617.19264603
"SE502L1",107007.82910955,10877.6301159859,23027.4446854442,368.070851176511,3953.80224884069,145234.777010997
"SE503L1",97438.5277442932,48411.2470397949,43544.9443407059,218.121846705675,32661.0130192116,222273.853990711
"SE505L1",73232.460336417,16849.7770991325,29227.6258329749,372.462271541357,8765.07600104809,128447.401541114
"SI001L1",3597917.11784816,0,1409669.47320628,5351.78843593597,428954.679107554,5441893.05859793
"SI002L1",1572358.52337368,0,658040.656325391,7321.48886656761,751172.926926464,2988893.59549211
"SK001L1",629074.712571889,0,219806.076499559,5133.77666473389,25415.8121019006,879430.377838083
"SK002L1",96831.6555412412,0,27776.7161643803,1375.23776236089,131062.396123886,257046.005591868
"SK003L1",127325.211997271,0,75015.8844810873,182.550883769989,87486.6624016762,290010.309763804
"SK004L1",423978.994477987,0,126717.101735413,2626.01184308529,379866.585746437,933188.693802923
"SK005L1",16147.4157898724,1669.02601194382,16324.5284891129,194.85868937755,157920.678881288,192256.507861594
"SK006L1",57471.3857089877,0,32484.3787046075,3876.06905817986,74236.9741011858,168068.807572961
"SK007L1",468443.780893803,0,250488.413073063,320.884691119194,144334.769739792,863587.848397776
"SK008L1",378220.05563131,0,86672.5547810197,1692.92751151323,137467.895359129,604053.433282971
"TR001L1",13925817.0279753,0,6253226.2161532,24613.4107372744,855754.543983281,21059411.198849
"TR002L1",15307.0968145728,0,2369.14909368753,969.416266441345,274346.510227472,292992.172402173
"TR003L1",28399.1519075632,0,8509.0195863843,132.015880644321,91928.7941936553,128968.981568247
"TR004L1",729465.602906525,0,183206.118794829,3808.88372701406,81048.0501060933,997528.655534461
"TR006L1",790632.158762187,0,249598.929854989,10212.1049539447,170607.432104997,1221050.62567612
"TR007L1",253251.391383529,0,92782.3603897691,261.385172707389,25635.548156552,371930.685102557
"TR008L1",223011.659604549,0,70013.1053055525,561.059912578741,74906.464797087,368492.289619768
"TR009L1",15585.1836582422,0,6725.55517360568,38.7670505046844,2702.27720832825,25051.7830906808
"TR010L1",118794.008524179,0,29337.1832158566,94.81855666697,22129.8365833014,170355.846880004
"TR011L1",234247.056251466,0,32497.9569799304,142.069867044687,50347.4345745221,317234.517672963
"TR012L1",127315.813320398,0,12073.8137395382,378.878267909844,49349.3125340939,189117.81786194
"TR014L1",131137.664714038,0,60849.5918107778,4488.25906515121,236780.645927906,433256.161517873
"TR015L1",165981.635692418,0,76267.3881393373,2234.00945496559,369514.655791059,613997.68907778
"TR016L1",124004.791638434,0,21845.3960864097,526.3189143891,180646.077554181,327022.584193414
"TR018L1",59858.5146012306,0,16776.1875828505,1458.68623888493,43278.7655445486,121372.153967515
"TR019L1",57567.6545078754,0,23699.3305730373,805.840124433752,70212.1432073414,152284.968412688
"TR021L1",67722.9657292366,0,23950.6119027734,110.621700623168,10801.7617727667,102585.9611054
"TR022L1",55029.6428650022,0,22709.8501247019,147.038440942764,66255.8095202819,144142.340950929
"TR023L1",76985.0298420191,0,24079.2101321518,17.1419167816639,14212.7609989271,115294.14288988
"TR024L1",92383.1659085453,0,27490.4864410311,7.38024442448193e-07,192715.463762514,312589.116112829
"TR025L1",83197.3296564817,0,21093.6395117044,295.559465259314,125285.875121489,229872.403754935
"TR026L1",101805.321719766,0,45335.1620329618,2044.32684350014,105336.339078128,254521.149674356
"TR027L1",54077.8241044283,0,8893.53821258247,134.460334048024,82537.9436233416,145643.7662744
"TR028L1",36975.6397963762,0,19976.9321975112,1229.68359541893,194028.051400244,252210.306989551
"TR029L1",22690.412894249,0,5211.3723501265,83.9243577718735,44296.0989442766,72281.8085464239
"TR030L1",29188.7917119469,0,8781.31127957674,117.835429656075,97160.4312947989,135248.369715979
"TR031L1",29978.628472209,0,5245.78159335256,13.5347549915314,9307.26448398829,44545.2093045413
"TR032L1",12534.6095061302,0,2642.66071438789,158.131009304925,128162.89988035,143498.301110173
"TR033L1",32877.8743619323,0,13659.5039073229,1584.66614860296,136613.660217822,184735.70463568
"TR034L1",12338.2881506681,0,1479.9320345521,208.543880660149,10201.8442279696,24228.60829385
"TR035L1",8960.52301579714,0,5121.02607044578,460.598856508732,27187.7463627979,41729.8943055496
"TR036L1",20829.6901485026,0,5745.9343893528,37.8697099685669,87806.1121363044,114419.606384128
"TR037L1",95155.8524071276,0,10393.2542339861,39.664224702467,67451.6562097818,173040.427075598
"TR038L1",36122.7834793329,0,12576.1692765951,292.001485824585,185754.345740825,234745.299982578
"TR039L1",15425.8632060948,0,4906.32990007213,2.44042873382568,4486.34876076877,24820.9822956696
"TR040L1",2678.431607306,0,305.40424901247,5.76057481765747,121240.442254245,124230.038685381
"TR041L1",32941.2280942202,0,7284.96222287416,260.38981127739,76563.9824326485,117050.56256102
"TR042L1",36761.6548655033,0,5708.41567385197,63.0081236362457,60592.2334237099,103125.312086701
"TR043L1",40798.4043200612,0,21187.4639634341,318.987943828106,29016.2085406333,91321.0647679567
"TR044L1",12165.3611781001,0,8355.83475975692,383.549048800021,92389.5159454644,113294.260932121
"TR045L1",30130.7038556337,0,5229.92996163666,841.938911765814,75724.898958303,111927.471687339
"TR046L1",17976.5987201929,0,11196.413600266,132.297775149345,76279.9920342341,105585.302129842
"TR047L1",19764.5112400651,0,8724.70870399475,22.654990196228,103304.369052649,131816.243986905
"TR048L1",24200.1534318626,0,16839.0725799799,36.8259982118034,121586.183569118,162662.235579173
"TR049L1",50262.6226192601,0,10129.2794705629,385.355577468872,220853.081596255,281630.339263547
"TR050L1",9032.98149073124,0,2238.13955581188,96.7039873600006,73578.7320858091,84946.5571197122
"TR051L1",13822.7156178951,0,3346.6152843833,16.2545099443352,3840.50948348641,21026.0948957092
"TR052L1",24596.3197289705,0,5947.31681969762,124.530868291855,78783.2808515728,109451.448268533
"TR053L1",12695.7509256005,0,7418.24755072594,522.020759224892,365881.851371199,386517.87060675
"TR054L1",23162.1586818695,0,4342.55848869681,131.954793254565,60721.4932432175,88358.1652070384
"TR055L1",70761802.5137701,3783125.84019375,11305944.3567284,204824.307534963,457824.550551094,86513521.5687783
"TR056L1",16451782.3972988,2365239.86214304,2868028.26817513,17328.1904683113,99231.5549517064,21801610.273037
"TR057L1",4758202.73883629,1276305.96490669,1247484.4013772,9994.61187469959,118298.421242576,7410286.13823746
"TR058L1",6944130.67289156,1461141.46984243,1430102.26386002,14680.3106536418,25814.6170178428,9875869.33426549
"TR059L1",6481000.50362396,1546670.51257539,1543050.67611122,21479.9821772277,14920.682879772,9607122.35736757
"TR060L1",2504810.81810191,563519.286729336,509229.908716466,10876.0849221051,85126.2758446676,3673562.37431449
"TR061L1",13071725.4112507,2323708.19290638,3131527.68226731,16308.3592019379,11868.9050503112,18555138.5506766
"TR062L1",2448575.44465405,583205.14692378,494236.66134277,4907.60200428963,14753.5507840011,3545678.40570889
"TR063L1",3730903.19611073,1273413.98601151,730975.33903259,6948.87203097343,28380.6838232931,5770622.07700909
"TR064L1",4060743.02092934,327510.097501516,789932.566065788,10334.4902560711,27615.4385965466,5216135.61334926
"TR065L1",2415098.37724572,467577.558263779,522327.161591887,11408.3453345299,12603.7433075169,3429015.18574344
"TR066L1",4139943.46341057,805349.778527737,911126.662377551,13275.094329392,200739.94429048,6070434.94293573
"TR067L1",2659039.44034863,468596.943424463,655358.90912199,2821.78686207533,111383.444022894,3897200.52378005
"TR068L1",95504.8879532814,22787.5640509129,37889.1492919922,269.158583879471,5129.64984232932,161580.409722395
"TR069L1",875183.319959432,175523.226233959,200716.690257961,10288.7817758024,327285.38601984,1588997.40424699
"TR070L1",482558.747428894,104028.194039345,167051.036820889,1710.22950044274,114556.789342999,869904.99713257
"TR071L1",336529.979856253,15847.181343317,143538.48485117,953.026659220457,84609.7498650625,581478.422575023
"TR072L1",548531.915202141,125122.070485115,93690.3688583374,492.502243891358,123944.883816421,891781.740605906
"TR073L1",255498.509140015,36151.5027923584,54586.6611480713,203.950220108032,276.011783003807,346716.635083556
"TR074L1",229189.233994246,140650.157459259,53122.6171909869,92.2359964251518,8135.62464150134,431189.869282418
"TR075L1",893146.077735901,49972.2435728312,121101.694505692,3843.18489789963,1808.87221974134,1069872.07293206
"TR076L1",227377.054351807,23772.8992424011,53324.0460510254,190.876693725586,503.709258139133,305168.585597098
"TR077L1",1716073.18196869,425757.177148819,388550.322084427,3021.51773023605,38376.4380129278,2571778.6369451
"TR078L1",1646937.38279223,181645.944546938,276158.271697002,2470.12731391191,298233.791950784,2405445.51830087
"TR079L1",1628352.93198109,322882.158863068,457962.982406616,792.366114675999,4828.10753838066,2414818.54690383
"UK001L2",3800454.00819778,505475.601495266,668026.340169907,5884.57602724433,60126.5007880032,5039967.0266782
"UK002L2",373436.8838377,528.293768882751,72025.0257358551,238.393400669098,14414.21997042,460642.816713527
"UK003L1",540334.381397247,69422.9464597702,129024.432094574,847.461617827415,6943.53707040846,746572.758639827
"UK004L1",228198.343143463,11604.4254226685,30528.9953079224,1202.55764830112,7681.30433055758,279215.625852913
"UK005L0",273074.757703781,32541.9501914978,34491.6815015674,177.101899385452,37604.5869762301,377890.078272462
"UK006L2",277530.322113037,15869.4526882172,43780.2399101257,224.178773999214,16444.1430293918,353848.336514771
"UK007L1",239183.400173187,32111.5797519684,66295.0576968193,1454.67951327562,46982.5084560513,386027.225591302
"UK008L2",167701.549858093,166702.979900837,56203.5936803818,614.866695344448,10903.623450879,402126.613585535
"UK009L1",311570.024390221,122327.265130043,76502.8214478493,675.02425211668,20533.2782096863,531608.413429916
"UK010L2",51480.529709816,0,3147.64047455788,22.5413489341736,62.1778678745031,54712.8894011825
"UK011L2",415920.071601868,6262.92616569996,50693.4200191498,119.563312768936,3029.30849766731,476025.289597154
"UK012L1",307126.838180542,58861.1244678497,67087.246963501,611.432660102844,2383.15056359768,436069.792835593
"UK013L2",377328.900478363,49130.9120788574,104794.81973362,205.933941245079,640.316707357764,532100.882939443
"UK014L1",180295.801309586,26409.8992538452,25339.2103786469,156.16335439682,12661.2837070823,244862.358003557
"UK015L0",151144.879299164,97847.4022078514,26476.4657287598,3261.31904231384,6104.9015006572,284834.967778746
"UK016L1",159009.097557068,38885.9329929352,54903.7515029907,228.121786594391,1303.54425114393,254330.448090732
"UK017L1",815.78891120851,0,5.90150775015354,0.77737107872963,0,822.467790037394
"UK018L2",236231.814192295,1003.25362300873,29192.2426684201,363.169597625732,16116.7335594445,282907.213640794
"UK019L2",239065.195367813,66234.2598381042,46737.2159767151,20.0546855926514,1341.58896803856,353398.314836264
"UK021L0",1609590.63631439,300071.978683472,445595.549624443,900.646866679192,3969.45593343675,2360128.26742242
"UK022L0",650753.048236847,255391.577674866,243072.779587746,6989.65656232834,46878.906029284,1203085.96809107
"UK023L1",1066514.01240253,357730.831561089,186292.596626282,1055.04032707214,4225.97896277905,1615818.45987976
"UK024L0",882642.764666557,76317.8127288818,141925.145946503,6300.2852229774,6687.39257752895,1113873.40114245
"UK025L2",135115.80640918,4036.95539081097,21564.5978320539,1227.58479247987,11656.0887033939,173601.033127919
"UK026L1",220467.726617813,30709.564201355,25414.6857328415,1265.27967369556,1033.01783761382,278890.274063319
"UK027L1",841955.174801826,356994.614682198,167221.719909251,1256.22389230132,7235.79453177145,1374663.52781735
"UK029L1",1190048.34797287,439451.64325428,256907.606208801,1870.42633473873,22218.8591807783,1910496.88295147
"UK031L0",610796.014382601,76212.8804111481,148818.164712191,208.243076324463,13432.0605879817,849467.363170246
"UK033L0",879070.758815765,131048.596408069,113847.98443985,4877.51146614552,830.927799582481,1129675.77892941
"UK034L0",558315.388027191,368552.170184135,183079.500713348,1388.40393614769,22672.0756317973,1134007.53849262
"UK038L0",532828.457290649,230659.742118835,128579.962348938,640.242654323578,1390.42182970047,894098.826242447
"UK040L0",724692.058517456,291760.593582153,323961.449584961,1334.3389172554,7796.65516236424,1349545.09576419
"UK041L0",936256.331344604,40400.7608184814,141434.009056091,2344.32767832279,200.358060956001,1120635.78695846
"UK043L0",659620.872535706,55794.2297897339,113918.093659878,1748.81478619576,24446.8401738405,855528.850945354
"UK044L0",497874.698192596,255897.281532288,106911.02962923,1905.57873241603,18086.410695076,880674.998781607
"UK045L0",1128010.32187462,43753.0917247534,125710.041264867,4146.76519712806,25014.2624568865,1326634.48251825
"UK046L0",400253.415248871,14576.9585494995,87136.3232269287,403.915350675583,16264.7804999352,518635.39287591
"UK047L0",386882.787290573,229899.452319145,119389.510890961,209.91977635026,22855.3518841863,759237.022161216
"UK050L1",386211.202199936,191586.98628217,48764.9539203644,4357.41071474552,14692.7686338536,645613.321751069
"UK051L0",339612.88299942,203664.269607544,93033.9943161011,1435.80910402536,32560.7139453292,670307.66997242
"UK053L0",482805.522453308,42625.4488987923,82271.0038766861,377.361505150795,28057.0287270546,636136.365460992
"UK054L0",354249.789658546,62330.0676654577,120922.354403496,779.049288153648,57066.5571769476,595347.818192601
"UK055L0",372539.349208832,59983.5292978287,62426.7329220772,430.129990100861,49152.8068784475,544532.548297286
"UK056L1",453803.337378502,87874.3930664062,80650.2329902649,693.302049636841,814.238393247128,623835.503878057
"UK059L0",268702.070441246,99872.5574741364,64271.1347322464,9313.21902573109,11182.3541396186,453341.335812978
"UK501L0",1333626.5095253,120425.673596382,209705.118335724,2114.18858909607,7639.05073189735,1673510.5407784
"UK506L0",710759.549048185,49797.5008928776,126960.281357735,3116.68884980679,11319.8297215533,901953.849870158
"UK510L0",486540.89749527,26327.4921617508,198625.490822792,1658.81954050064,28077.1116064787,741229.811626792
"UK513L0",357213.69335556,34933.5697784424,119779.835388184,567.485944509506,13922.4400678277,526417.024534523
"UK515L1",621369.127396584,171339.769657135,158955.809581041,321.806073397398,1100.74101375625,953087.253721914
"UK516L0",629336.850732505,425228.240166903,155695.406121671,5366.74489569664,2653.90966641903,1218281.15158319
"UK517L1",1377893.25286484,1778850.54034042,265861.58590918,12459.81170398,25625.1908613667,3460690.38167979
"UK518L1",235633.470611572,40436.5375242233,49630.5173339844,392.905751228333,822.22136259079,326915.652583599
"UK519L0",186704.098117709,1910.37632608414,18561.1964328289,42.7968156337738,1017.94583442807,208236.413526684
"UK520L1",1280417.09161377,231959.216462135,391407.738455772,1494.80370879173,7785.7939763153,1913064.64421678
"UK525L0",443065.502803802,71051.4123764038,148579.334150314,761.943088918924,25684.927611351,689143.120030791
"UK528L0",1205559.48544502,105390.158254623,167616.774890423,3696.6439525485,163429.00437218,1645692.0669148
"UK531L0",978228.500647545,945928.296190262,389277.989720821,7157.37135267258,41006.6383796707,2361598.79629097
"UK532L0",577643.797990441,104596.393495798,69376.1578551829,52128.6710496451,90256.5622379184,894001.582628986
"UK533L0",685745.218318939,40185.8632602692,128475.644414902,806.724498152733,34971.8283889592,890185.278881222
"UK535L0",312866.082435608,51604.0645923615,53440.5289115906,294.599558830261,401.597845256329,418606.873343647
"UK539L1",397132.544898987,54984.7352581024,80298.2822570801,175.419549465179,1841.62569916248,534432.607662797
"UK540L0",210249.122424752,105098.955699921,62817.2619328201,1862.65471190214,4089.97492086142,384117.969690256
"UK542L0",282580.348052979,27914.7193622589,63958.4812316895,4756.46466636658,310.335148155689,379520.348461449
"UK543L0",354119.204206288,0,67.7844152450562,177.595934429497,190975.178012908,545339.76256887
"UK545L0",132710.464042827,0,1.83325439691544,0.0221371999941766,137685.732488848,270398.051923273
"UK546L0",141137.279047489,0,0,41.3661287088908,44147.5373672843,185326.182543482
"UK548L0",202175.896297969,0,0,63.5419781506062,75694.2507932186,277933.689069338
"UK549L0",78077.9214965105,0,0,61.6333817839622,54016.4680411816,132156.022919476
"UK550L0",63021.1063127544,0,0,28.4733076691628,51638.5046651065,114688.08428553
"UK551L0",6708.7538317116,0,0,68.6764857936651,20111.5973669756,26889.0276844809
"UK552L0",6102913.78072336,4974032.82897162,1878551.02113396,14966.6932336853,234992.597199119,13205456.9212617
"UK553L2",1642379.08430767,502024.796432495,404663.383176766,1486.70451045502,23086.5552486165,2573640.523676
"UK554L0",1093088.52892715,550723.46988678,470163.255290031,6561.06006371975,68695.2438744083,2189231.55804209
"UK556L0",461146.046498047,40214.103105545,197360.847866628,951.466216844739,2020.92407583259,701693.387762898
"UK557L2",78816.1885491908,756.252456665039,96002.1779075116,378.833842405584,200.093408884481,176153.546164657
"UK558L1",377593.562972603,186564.44859314,112931.627556585,1276.29316215171,11765.8755996581,690131.807884138
"UK559L1",326057.374946803,0,0,0.367991662076747,13429.9655481586,339487.708486624
"UK560L0",271683.097726673,0,0,18.4291569323395,67117.4264898617,338818.953373467
"UK561L0",56337.7931882143,0,0,0.234625955054071,7708.20850560069,64046.23631977
"UK562L2",225103.438507468,0,0,0.48455437670691,16974.4699496515,242078.393011496
"UK564L0",50901.481698513,0,0,50.7577462536283,5911.96570273489,56864.2051475015
"UK566L1",12070886.6337242,1111693.55342722,2563266.3830204,19312.6807132065,161012.848661151,15926172.0995462
"UK568L2",7200880.21797758,1166298.12687111,1579067.97132158,534383.217125133,21069.5946291536,10501699.1279246
"UK569L1",2776747.8732686,733229.082077116,721116.295757294,44799.5801280737,47514.5276377499,4323407.35886884
"UK571L1",2115352.86796665,291945.177357793,365717.811274052,3409.52625224739,36092.1073163897,2812517.49016713
"UK572L0",2829311.79801083,537351.922080874,584587.778679371,4551.65042705834,40032.1253197715,3995835.2745179
"UK573L0",995076.512030602,262123.528159142,207421.973558187,27559.5589078218,23354.9243684113,1515536.49702416
"UK575L0",574623.482698441,25583.3856868744,200967.021420479,251.46633130312,33554.7835266888,834980.139663786
"UK576L0",1007633.33768463,101178.181708574,156055.227203369,268.908948361874,19038.7331320643,1284174.388677
"XK001L1",667081.681150436,41983.5754539967,113473.970702887,456.832496166229,10363.6287991703,833359.688602656
"XK002L1",613606.95998764,108904.674802512,124117.72726059,566.005380034447,9426.33228176832,856621.699712545
"XK003L1",397213.592431068,144880.92365402,61159.4527432919,1065.85513615608,12824.6524852514,617144.476449788
